platform,id,key,name,rating,user_numbers,creator,last_updated,introduction
chrome,nkmooloiipfcknccapehflmampkaniji,bitsafe-adblocker, BitSafe Adblocker,0.0,453,support,2020-07-09 00:00:00,Enjoy the Ad-Free Web Experience.
chrome,fdahclgkkbnjkfcngfbohobpmedlcfpm,algorand-wallet,Algorand Wallet,0.0,67,Pibals,2020-01-25 00:00:00,"Algorand Wallet enables access the Algorand Network from your desktop browser.

üîê Securely send and receive ALGOs
ü§ù Connect to‚Ä¶"
chrome,ndlipcnkmpindoekaljokapponmjjekb,scratch-amp-match-animals,Scratch &amp; Match Animals,0.0,0,rosamondstone955,2020-01-15 00:00:00,You have 3 minutes to scratch and match the animal cards
chrome,djpjdkkephcgngcphmehnheedambnkjn,boys-amp-girls-bubble-pop,Boys &amp; Girls Bubble Pop,0.0,0,evstigneishaganov,2020-01-16 00:00:00,"In Boys &amp; Girls Bubble Pop, you must burst water ballons to trigger a chain reaction in order to eliminate them"
chrome,hfadghcjdnibmkeeoaffmhcgdgnlaohd,dnet,dNet,0.0,18,MrV,2020-03-16 00:00:00,Access a decentralized internet on the Ardor blockchain platform using *.ardor URLs
chrome,njkoakaanifjmpdggjclbmabhmfghico,aliexpress-paypal,AliExpress Paypal,5.0,157,AliChrome,2020-12-22 00:00:00,Show if the AliExpress seller accept Paypal
chrome,ckhhiodbmfdohcbfmbooboiijnfgpmnf,icashback-app,iCashBack App,4.833333333333333,717,iCashBack,2020-05-05 00:00:00,Adauga acum si automat ai CashBack si Vouchere la cele mai tari magazine din Romania si strainatate!
chrome,epllefgepapckihklfccpocjbnelpojp,coinclaim,CoinClaim,3.9,"3,000",Satorify.io,2020-02-01 00:00:00,"CoinClaim is a token-based system that rewards you real, tradable crypto (CLM) for completing online quests and challenges."
chrome,gfjmjaloockgblofndpilcafdonjhhef,eks-token-login,EKS token login,0.0,4,ddh.haven,2020-09-14 00:00:00,Get a token for authentication with an eks cluster
chrome,olognjcjfiknpiblpbnmjgbehodclokg,stumble-across,Stumble Across,5.0,17,StumbleAcross,2020-09-27 00:00:00,Bookmarking and content discovery on the blockchain
chrome,iakaldcgeljnjaldddjhbaocgpkhgckc,basic-russian-flashcards,Basic Russian Flashcards,3.0,502,Obsidian River Software,2020-06-06 00:00:00,Flashcards for the student learning basic Russian vocabulary
chrome,emaljdgadafgjbdfhejfjlbbnkancpee,flash-cards-basic-spanish,Flash Cards : Basic Spanish Flashcards,3.5,363,Obsidian River Software,2020-06-07 00:00:00,Flash Cards for the student learning basic Spanish vocabularys
chrome,mpjglckkbnaicjnpcdjkedcdbhoimdhi,basic-french-flashcards,Basic French Flashcards,1.0,186,Obsidian River Software,2020-06-06 00:00:00,Flashcards for the student learning basic French vocabulary
chrome,fjppjknkbjmapanbefodlkaphlmiemga,basic-german-flashcards,Basic German Flashcards,5.0,152,Obsidian River Software,2020-06-06 00:00:00,Flashcards for the student learning basic German vocabulary
chrome,mkdeimpckninacbjgokjhpnapfigebjb,basic-italian-flashcards,Basic Italian Flashcards,1.0,69,Obsidian River Software,2020-06-06 00:00:00,Flashcards for the student learning basic Italian vocabulary
chrome,lbpdggmcmkgnkaanpkocdacedlkjpenk,basic-chinese-flashcards,Basic Chinese Flashcards,3.0,63,Obsidian River Software,2020-06-06 00:00:00,Flashcards for the student learning basic Chinese vocabulary
chrome,ilhaljfiglknggcoegeknjghdgampffk,beam-web-wallet-testnet,Beam Web Wallet (Testnet),5.0,113,Beam,2020-08-08 00:00:00,Beam Web Wallet (Testnet)
chrome,hcdhpianckhnoppbgmfjaibklhfmfaje,coin-master-free-spins-da,Coin Master Free Spins Daily,5.0,"1,000",www.cmlovers.com,2020-10-29 00:00:00,Coin Master Daily Free Spins -Daily free spin links
chrome,mmonglphahfjlfcadefimipajbgnffco,coin-master-free-spins-an,Coin Master Free Spins And Daily Links Today,0.0,100,Muhammad Furqan,2020-12-19 00:00:00,"Best Place Which Gives You Daily Coin Master Free Spins, coin master links, coin master spins, coin master free spins"
chrome,fjfneilbihkhfajffplopnififklppln,figma-to-tokens,Figma to Tokens,0.0,5,UX Dev Tools,2020-04-20 00:00:00,Connect to Figma API and preview a color palette as CSS Variables or JSON Tokens
chrome,afommmnmohdebmgabmbglefkbholcobb,traderboxio-binance-exten,Traderbox.io Binance Extension,4.8,66,Traderbox.io,2020-08-29 00:00:00,Traderbox.io Binance Extension
chrome,jdbkfmneiiiihofbccenainnlipalonj,binance-news-notification,Binance News Notification,0.0,1,chiahoahong,2020-06-09 00:00:00,The best Binance News Notification extension for Google Chrome. Check your Binance news notifications quickly and easily.
chrome,edooahjdfkjbmmhamcianpkhkhdlcgnm,binance-helper,Binance Helper,0.0,0,CryingFlames,2021-02-15 00:00:00,A helper to simplify trading on Binance.
chrome,opboibpgljdddeanfjhkkhmdjgkkpdjp,ek≈üi-ref-block,Ek≈üi Ref Block,0.0,2,instant app,2021-02-14 00:00:00,Ek≈üi S√∂zl√ºk Binance ba≈ülƒ±ƒüƒ±nda ref linki olan entryleri engeller.
chrome,gcfbekmogelpbhgcepghlkdbmhpbaaig,goat-alerts-tradingview-b,Goat Alerts TradingView Bot,5.0,"1,000",Goat Alerts,2020-07-13 00:00:00,Automation & Shadow Trading for Cryptocurrency using TradingView
chrome,kmocgjpcbdnngajkppcemacfebaaeiid,trafficlyio-get-bitcoins,trafficly.io - Get Bitcoins in a second.,4.161764705882353,"10,000",trafficly.io,2020-06-08 00:00:00,Get Bitcoins in a second.
chrome,ajimhlkppknjhjccilgojebdcaljlmbe,bitcoin-tracker,Bitcoin Tracker,0.0,68,Tim,2021-01-08 00:00:00,Stay up to date on the latest prices of Bitcoin
chrome,bkekahlamloiehinhehocilnepdlhfeh,bitcoin-price-in-usd-by-b,Bitcoin price in USD by BitcoinFan,5.0,68,BitcoinFan,2020-12-26 00:00:00,"This extension displays the current Bitcoin price in USD on the badge. If you click it, a chart of the last 24h will be displayed."
chrome,cpcnbnofbhmpimepokdpmoomejafefhb,bitcoin-btc-price-ticker,Bitcoin (BTC) Price Ticker,5.0,210,Taha,2020-03-10 00:00:00,This extension shows latest price ticker of popular BTC trading markets.
chrome,hefcolnfiajabgmmbhcnokalagfpaphk,bitcoin-price-in-eur-by-b,Bitcoin price in EUR by BitcoinFan,5.0,53,BitcoinFan,2020-12-26 00:00:00,"This extension displays the current Bitcoin price in EUR on the badge. If you click it, a chart of the last 24h will be displayed."
chrome,ohogiblfajaopadicjfdkaagbajjhklp,stock-cryptocurrency-moni,Stock & Cryptocurrency Monitor (Auxiliar 2),4.222222222222222,"1,000",Diones Franco de Andrade,2020-11-23 00:00:00,"Stock (Australia, Brazil, Canada, United States, Forex) & Cryptocurrency monitoring with price alert feature."
chrome,emikbbbebcdfohonlaifafnoanocnebl,minerblock,minerBlock,4.505190311418685,"100,000",CryptoMineDev,2021-02-01 00:00:00,Blocks cryptocurrency miners all over the web.
chrome,llcndhdbiiocjfhggkagdbinbpoebbmh,simply-pay-anywhere-spend,Simply pay anywhere - Spendl,5.0,194,spendl-dev,2020-09-22 00:00:00,Buy anything from 50 million stores worldwide with Bitcoin via secure virtual debit cards
chrome,ajgaihokdfdjgephfaibpdjbogepckgd,ccenger-modern-exchange-a,CCenger - Modern exchange app,5.0,42,DanRotaru,2020-11-22 00:00:00,"Simple, modern and fastest currency converter extension!"
chrome,mhbcpbdapglmecjmjbdfpelifeoonbpd,easy-crypto-trade-automat,Easy Crypto Trade Automation | Whaletail,4.5,290,whaletail.ai,2021-01-13 00:00:00,The best crypto trading automation app. Trade like a pro. Build complex trade scenarios or chain trades into strategies with ease!
chrome,cpclpigpkojganpmppallpfndknhmjmg,crypto-alert,Crypto Alert,0.0,28,crypto.alert,2021-02-13 00:00:00,Show Cryptocurrencies prices while you are surfing the web and set alarms
chrome,dgfhnpfofgalhnmamhlgbphnegkcgcic,brobler,Brobler,0.0,5,brobler.com,2020-12-16 00:00:00,First cryptocurrency exchange browser extension
chrome,alebbmfpajpcdlfhhaahlmeeomfnpkai,token-live-new-tab-for-cr,TOKEN LIVE: New Tab for Cryptocurrency,0.0,68,leolin,2020-11-17 00:00:00,"New tab for cryptocurrency news, prices & exchanges announcements."
chrome,bpdlhmabpffipmcocajlchafkhafpnkk,moomask,MooMask,5.0,5,Moo Payments,2021-01-16 00:00:00,Binance Smart Chain Browser Extension Wallet
chrome,ihjipagjdhdjjdplhlmabhnfioolhann,pei-automatic-cash-back,Pei - Automatic Cash Back,3.727272727272727,"2,000",michael.jannain,2020-10-20 00:00:00,Supercharge your finances with Pei to start earning cashback in Bitcoin or cash. Visit thousands of merchants to earn.
chrome,ijpmihhlfkkfeimocndobeghgdggkail,adsbitcoinio-get-bitcoins,adsbitcoin.io - Get Bitcoins in a second.,3.875,"10,000",adsbitcoin.io,2020-12-02 00:00:00,Get Bitcoins in a second.
chrome,jkjgekcefbkpogohigkgooodolhdgcda,pay-with-bitpay,Pay with BitPay,5.0,"2,000",BitPay,2021-02-10 00:00:00,Spend crypto instantly
chrome,jmilgfebahjgmcnhiiemhbebehfmljld,bitcoinrewards,bitcoinrewards,4.0,670,BitcoinRewards,2020-06-08 00:00:00,bitcoinrewards.com browser extension
chrome,joehndlkdibijeebedbhkjiiomcgnagn,bitcoin-sv-bsv-simple-tic,Bitcoin SV (BSV) | Simple Ticker,0.0,3,txpetr.cz,2021-01-09 00:00:00,Displays quick information about the current price of Bitcoin SV in your browser's toolbar.
chrome,kgjhgbkbobjkkhkfddbdmcppkaialoel,bitcoincash-bch-price-tic,BitcoinCash (BCH) Price Ticker,4.333333333333333,264,Taha,2020-03-10 00:00:00,This extension shows latest price ticker of popular BCH trading markets.
chrome,jadobjbcgibiopkifknkfnohlelpocll,badger-wallet,Badger Wallet,4.862068965517241,"6,000",badgerwallet,2020-04-01 00:00:00,Bitcoin Cash Browser Extension
chrome,ioehgglofgnhnkeihkdpfeankodhmjmn,bitcoin-cash-bch-simple-t,Bitcoin Cash (BCH) | Simple Ticker,0.0,5,txpetr.cz,2021-01-17 00:00:00,Displays quick information about the current price of Bitcoin Cash in your browser's toolbar.
chrome,lfalmidbffpgbpbjckichdnemaoenemj,snappy-cash,Snappy Cash,5.0,28,sterlingbeason,2020-03-11 00:00:00,Enhances Bitcoin Cash addresses and Cash Accounts with QR codes for tipping via mobile wallets and Badger Wallet widgets.
chrome,pilfdbhihpfofbaeebffenllffmjnpei,brave-heart,Brave Heart,0.0,13,Cl√°udio Gil,2020-07-07 00:00:00,Directly reward web producers with Bitcoin Cash and no trusted intermediaries
chrome,ekgoigfalelgbdohgmolhmblfpljaagf,just-bitcoin-cash-ticker,Just Bitcoin Cash Ticker [PRO],0.0,1,morocco,2020-11-03 00:00:00,"Super lightweight minimalist extension that displays the current Bitcoin Cash price in USD.

Data pulled from Coingecko's v3 API.‚Ä¶"
chrome,nbpfcapniahpdkfmejpogoiamnconiik,just-bitcoin-cash-sv-tick,Just Bitcoin Cash Sv Ticker [PRO],0.0,1,morocco,2020-11-04 00:00:00,Super lightweight minimalist extension that displays the current Bitcoin SV price in USD.
chrome,pfcegmciffngjihekljakjegdebopeee,heyfx,HEYFX,0.0,20,dorata,2021-02-05 00:00:00,bitFlyerTradingTools ChromeExtension
chrome,ljjeeiafelmogjhklanhkbkodcmgdchn,bitcoin-samba-‰æ°Ê†ºÁõ£Ë¶ñ„ÉÑ„Éº„É´,Bitcoin Samba ‰æ°Ê†ºÁõ£Ë¶ñ„ÉÑ„Éº„É´,0.0,8,Kanta Yamaoka,2020-11-29 00:00:00,„Éì„ÉÉ„Éà„Ç≥„Ç§„É≥„ÅÆ‰æ°Ê†º‰∏äÊòá„Åß„Çµ„É≥„Éê„ÄÅ‰∏ãËêΩ„ÅßÊÇ≤„Åó„ÅÑÈü≥Ê•Ω„ÇíÊµÅ„Åó„ÄÅ‰æ°Ê†ºÂ§âÂåñ„ÇíÈü≥Â£∞„ÅßË™≠„Åø‰∏ä„Åí„Åæ„Åô„ÄÇ5Áßí„Åî„Å®„Å´‰æ°Ê†ºÊõ¥Êñ∞„ÄÇON/OFFÂàá„ÇäÊõø„ÅàÂèØËÉΩ„ÄÇ
chrome,gikhpbobeeodkpgefokcefpiiifenhip,meebitkub,MeeBitkub,0.0,7,Siamcreative,2021-02-13 00:00:00,Bitkub exchange on Chrome.
chrome,iloecoadcnbkhepoaacjnegdmhapiiek,bitstamp-ticker,Bitstamp Ticker,4.5,108,Piotrek,2020-07-30 00:00:00,Realtime bitcoin prices from Bitstamp
chrome,dhgedagabpahigmghcghlhklpkhnmmjn,trading-bot-goodwinbit,Trading Bot GoodwinBit,0.0,185,dr.Goodwin,2020-08-03 00:00:00,Trading robot for automatic trading on a option Cryptobo.com
chrome,fgdaflnjoincloakmmndamfgofijeine,kuna-ticker,Kuna Ticker,4.923076923076923,522,Maksym Tymchyk,2020-12-23 00:00:00,–°–ª–µ–¥–∏ –∑–∞ —Ü–µ–Ω–æ–π Bitcoin –∏ –¥—Ä—É–≥–æ–π –∫—Ä–∏–ø—Ç–æ–π —Å Kuna Ticker
chrome,aahnibhpidkdaeaplfdogejgoajkjgob,bittorrent,BitTorrent,4.75,"9,000",Torrent Download Helper,2020-11-06 00:00:00,You can send magnet link to BitTorrent For Chrome
chrome,gljdkkichjgocpdmiaachhlfccddcjgb,xirvik-torrent-to-seedbox,Xirvik .torrent to seedbox uploader,4.6923076923076925,"2,000",Xirvik Servers,2021-02-11 00:00:00,This extension adds options to .torrent files to upload them automatically to a number of popular BitTorrent clients.
chrome,cmhdhpcfabppigjedlenkmleklplflhp,torrent-clipper,Torrent Clipper,3.3636363636363638,"1,000",Piperun,2020-07-21 00:00:00,Add torrent and magnet links to your Bittorrent client's web interface.
chrome,ogmiofjkfnahelggohlhbhmecilppdkg,1337x-free-moviestv-serie,"1337x| Free movies,TV series,music download",0.0,352,sudarshan,2021-01-03 00:00:00,"1337x - Download music, movies, games, software and much more. 1337x is the galaxy's most resilient BitTorrent site"
chrome,hffhicplhmnandgoocpgmbfcbhajhppj,nem-xembtc-price-ticker,NEM (XEM/BTC) Price Ticker,4.6,83,Taha,2020-03-14 00:00:00,This extension shows latest price ticker of NEM (XEM/BTC) from bittrex exchange
chrome,fhjlhelkkpngpbhhlnigamdanajnnfhg,ark-arkbtc-price-ticker,Ark (ARK/BTC) Price Ticker,5.0,65,Taha,2020-03-14 00:00:00,This extension shows latest price of ARK/BTC for bittrex.
chrome,odiidinnhhckclnbldbimcndcifeenag,vaultilo,Vaultilo,5.0,24,ibrizdotai,2020-03-22 00:00:00,"Vaultilo is a secure password manager to save your crypto credentials,password,notes and lets you keep the data to yourself."
chrome,nlgbhdfgdhgbiamfdfmbikcdghidoadd,byone,Byone,4.2,783,Bytom,2020-11-03 00:00:00,Bytom Wallet Chrome extension.
chrome,chaehnlcicncaiggobneeegpieecekji,cardano-ada-simple-ticker,Cardano (ADA) | Simple Ticker,0.0,9,txpetr.cz,2021-01-09 00:00:00,Displays quick information about the current price of Cardano in your browser's toolbar.
chrome,acfodajggdfhmkgalgjijpbnpgnhpdeo,just-cardano-ticker-pro,Just Cardano Ticker [PRO],0.0,14,morocco,2020-11-01 00:00:00," 	
Super lightweight minimalist extension that displays the current Cardano price in USD.

Data pulled from Coingecko's v3 API.‚Ä¶"
chrome,jjhcmghlbfddklhfedkahgkncchakedj,sams-club-gift-card-free,Sam's Club Gift Card - Free $1000 Gift Card,0.0,3,arulrajnellai,2020-12-06 00:00:00,Get Free Sam's Club Gift Card. Values $1000
chrome,pcaanhhfglonkfpmpjgflifljpfdlpbn,healthy-habits,Healthy Habits,5.0,12,the.healthy.habits.app,2020-04-20 00:00:00,"Make the most of lockdown! Get ideas for things to do to keep your mind and body sound, and be rewarded with cute pets."
chrome,cgpgfbgndjkaomaanejcpocmbeinflfb,habits-tab,Habits Tab,0.0,5,berrutti,2020-10-25 00:00:00,A Tab to remind you of your habits. Replaces your browser's default New Tab.
chrome,nppgknjeeojeghmaegambagdckglfcgf,chainlink-linkusd-price-t,ChainLink (LINK/USD) Price Ticker,4.666666666666667,139,Taha,2020-03-11 00:00:00,This extension shows latest price ticker of LINK/USD.
chrome,kenipelcpplejmlllgfeklmffeikecga,chainlink-link-simple-tic,ChainLink (LINK) | Simple Ticker,0.0,4,txpetr.cz,2021-01-09 00:00:00,Displays quick information about the current price of ChainLink in your browser's toolbar.
chrome,dffjlgnecfafjfmkknpipapcbgajflge,chainx-extension,ChainX extension,4.5,"1,000",chainx.extension,2020-06-23 00:00:00,Manager for ChainX accounts and nodes
chrome,ffbhaeoepdfapfjhcihbbhlaigejfack,cocospay,CocosPay,3.0,"1,000",chain,2020-07-23 00:00:00,CocosPay Chrome Extension
chrome,onebfemgnhgpkdcmijbpjakhhidonjfl,coincorner-earn-bitcoin,CoinCorner - Earn Bitcoin,5.0,512,CoinCorner,2021-02-05 00:00:00,Earn Bitcoin cashback when you shop online with thousands of top brands with CoinCorner!
chrome,fdlphmindllconhbcmlpdiildicodcjm,contentos-wallet,Contentos Wallet,0.0,10,dev-chrome-plugin,2020-04-06 00:00:00,A Contentos Wallet in your Browser
chrome,jlcaefilcommembbekhjjkibeieffchd,widilo-cashback-reminder,Widilo Cashback Reminder,4.3,"20,000",Widilo,2020-07-29 00:00:00,Get cashback in one click on all your purchases when you shop online with the Widilo Cashback Reminder
chrome,jjandokkgclchaiipibaligpnceifmif,cashback-it-bestshopping,Cashback IT-Bestshopping,4.611111111111111,"10,000",bestshopping.com,2020-10-12 00:00:00,Un'estensione del Browser che ti avvisa quando navighi su di un sito web con un cashback di Bestshopping.com
chrome,jfnangjojcioomickmmnfmiadkfhcdmd,nominer-block-coin-miners,NoMiner - Block Coin Miners,4.0,"20,000",chYer,2020-11-29 00:00:00,Easily stop coin miners from using your computer resources.
chrome,jjcbgfhjneiblaifakgnnkdakebpebaf,bitcoin-auto-converter,Bitcoin Auto-Converter,4.0344827586206895,"1,000",Concept211,2020-05-23 00:00:00,Finds the BTC values on any website and displays the live conversion to your currency.
chrome,ehmhocjlcagmfeokjhmgmednhbdhpgep,binance-cryptocurrency-pr,Binance cryptocurrency price alerts,4.666666666666667,"3,000",kaleem hunzai,2021-02-15 00:00:00,Set cryptocurrency price alerts with notifications and sound with ease
chrome,nbojhgkmkpakgfljijgnfofliafnbbfk,cryptocurrency-volume-mom,Cryptocurrency volume momentum indicator,4.666666666666667,508,kaleem hunzai,2020-06-01 00:00:00,Get notified of large volume & price actions during a specified time Interval
chrome,fmglcggbdcbkpkfapngjobfeakehpcgj,coin-tools,Coin Tools,5.0,26,https://weibomiaopai.com/download-video-parser.php,2020-07-13 00:00:00,A Chrome Extension that has a few useful tools and graphs for Cryptocurrency
chrome,ceepigemlmlbphjhffddplfecgedhoeb,pfcrypto,pfcrypto,4.7368421052631575,667,sclem,2020-10-03 00:00:00,cryptocurrency holdings updater
chrome,eondnglmkmoebhbhihbilkkkjfianlcm,nr1-social-media-exchange,Nr.1 Social Media Exchange by Everve,3.8633879781420766,"40,000",Everve,2021-02-16 00:00:00,Try the best Social Media Exchange Bot to get more from your social media accounts. It's automatic and FREE!
chrome,cilemelpkfpdgphappcmphindkmlgdhn,instagram-follow-requests,Instagram Follow Requests Accept,5.0,43,Social Daddy,2020-05-07 00:00:00,Accept Instagram follow request using this tool. No need to click on each request accept it all together.
chrome,nkhbpikfdnmjhkdnflbgikpepnbilppk,safepay,SafePay,0.0,3,contact.teamkz,2020-05-21 00:00:00,Decentralized storage system for payment info
chrome,kmkmhgjamoppdmaafcmfmojhhbcklfdd,digimask,DigiMask,5.0,39,dev,2020-08-05 00:00:00,Digibyte Extension Wallet 
chrome,hiplpegdheljmkacdnibjaibfacpmond,coinbase-sendreceive,Coinbase Send/Receive,4.5,"2,000",coinbase extension,2020-01-15 00:00:00,Send and receive crypto payments easily as you browse the web
chrome,kdobjfiopmmgiojkpmgdfkgpfkddbgpa,starkchainnet,starkchain.net,0.0,1,aq46sw,2021-01-06 00:00:00,starkchain.net extension of chrome extension that notify the users of time spent on this site.
chrome,ehdcnknapbpfnbacjkdcfjnaadicclml,flash-cards-division-fact,Flash Cards : Division Facts,1.5,384,Obsidian River Software,2020-06-06 00:00:00,Flash Cards for the student learning division facts.
chrome,hehpfpcobbkpjbmcofhcamokjgkhepmg,elons-extension-dogecoin,Elon's Extension: Dogecoin Edition,5.0,390,Jesse Rowe,2021-02-16 00:00:00,"Trigger a dancing Elon Musk with his partner, Doge whenever the words 'Elon' or 'Musk' apprear on a page."
chrome,ncbpkokhfhcoahmgbbianbhlkoaljmlm,dusk-network-balance-chec,DUSK Network Balance Checker,0.0,10,MvG Solutions,2020-08-20 00:00:00,"Shows most recent balance and value. Average token price of cryptocompare is used for conversion to EUR, USD, ETH and BTC."
chrome,cichbngoomgnobmmjpagmbkimbamigie,finance-toolbar-real-time,Finance Toolbar - Real Time Stock Tracker,3.667601683029453,"40,000",Stefan vd,2020-03-25 00:00:00,Get real time stock market information about your favorite stocks.
chrome,ganifcppennacfdijkaghghjincbmipc,cardi-b-news-tab,Cardi B News Tab,5.0,378,The NewsTab FeedWalker Tabs,2021-02-09 00:00:00,Get top Cardi B news on your Chrome new tab page. Add any topic or news source.
chrome,pljgdilmpnfcjmfmnfdlpjodmhiglmlb,electrum-browser-companio,Electrum Browser Companion,0.0,38,Electrum Companion Developers,2020-05-14 00:00:00,A safe and secure extension to monitor the monetary value of your Electrum Bitcoin Wallet balance.
chrome,ejeemcbjgjnbmdckfkiofpiogmkejdja,just-ethereum-classic-tic,Just Ethereum Classic Ticker [PRO],0.0,1,morocco,2020-11-03 00:00:00,"Super lightweight minimalist extension that displays the current Ethereum Classic price in USD.

Data pulled from Coingecko's v3‚Ä¶"
chrome,fhbohimaelbohpjbbldcngcnapndodjp,binance-chain-wallet,Binance Chain Wallet,2.9056603773584904,"100,000",Binance Chain,2021-01-25 00:00:00,"A Crypto Wallet for Binance Chain, Binance Smart Chain and Ethereum"
chrome,ainmgbleakflfgjjoolgmgfepddnpeln,ethereum-monitor,Ethereum monitor,0.0,14,Awork,2020-07-15 00:00:00,Everything about Ethereum in one extension
chrome,eachlnokbkckmbhglohpcmhllebcdbme,ethereum-price-ticker-ale,Ethereum Price Ticker & Alert,0.0,17,happy elephant web development,2020-09-08 00:00:00,Show the Ethereum ticker price and set an alert so that the browser icon will flash when the alert price is passed.
chrome,dconegbmnkoeccohdkifggkgdhoaedgc,ethereum-ethusd-price-tic,Ethereum (ETH/USD) Price Ticker,5.0,120,Taha,2020-03-20 00:00:00,This extension shows latest price of ETH in USD.
chrome,caddnmdigajdehmjbnlkpmnckkcneckf,ethereum-price-in-usd-by,Ethereum price in USD by BitcoinFan,5.0,35,BitcoinFan,2020-12-26 00:00:00,"This extension displays the current Ethereum price in USD on the badge. If you click it, a chart of the last 24h will be displayed."
chrome,nkddgncdjgjfcddamfgcmfnlhccnimig,saturn-wallet,Saturn Wallet,4.647058823529412,"2,000",Saturn Network,2020-01-29 00:00:00,Ethereum Browser Extension
chrome,gmmnjkphjfnanlojihefoeidjmbakfde,ethereum-price-in-eur-by,Ethereum price in EUR by BitcoinFan,5.0,14,BitcoinFan,2020-12-26 00:00:00,"This extension displays the current Ethereum price in EUR on the badge. If you click it, a chart of the last 24h will be displayed."
chrome,pkgenfkfcfpimlfiijgnkmdmoggfeopl,ethereum-eth-simple-ticke,Ethereum (ETH) | Simple Ticker,0.0,2,txpetr.cz,2021-01-10 00:00:00,Displays quick information about the current price of Ethereum in your browser's toolbar.
chrome,dgafljegcabiiplpjmfcepmndcabcgpm,just-ethereum-ticker-pro,Just Ethereum Ticker [PRO],0.0,2,morocco,2020-11-05 00:00:00,Super lightweight minimalist extension that displays the current Ethereum price in USD.
chrome,hdkoeaaegcmoljdaegapdpabifhjkgci,binance,Binance,1.0,45,Binance,2021-01-05 00:00:00,Binance Wallet
chrome,njnbpngnahedeekpedjkbaeihhihlbko,ethassistant,ETHAssistant,0.0,21,jeffrey.stone2020,2020-05-11 00:00:00,Helper for —Åomfortable working with Ethereum addresses in any websites and unique antiphishing utils for crypto enthusiasts.
chrome,dlnalaneihafdkdcekejdekiclgdghka,breadcrumbs-blockchain-in,Breadcrumbs Blockchain Investigate,5.0,21,Breadcrumbs,2020-08-22 00:00:00,Tired of tracking of Ethereum addresses with an excel spreadsheet?  Wasting time loading webpages to follow an Ethereum whale?‚Ä¶
chrome,japgcbmdokcibjdencjalgfjeglgbcgc,tx-ray-beta-protect-your,TX-ray (Beta): Protect Your Wallets,5.0,19,TX-ray,2020-03-19 00:00:00,"üîíThe easiest, fastest way to protect your Ethereum wallet."
chrome,gbjepgaebckfidagpfeioimheabiohmg,zeon-wallet,ZEON Wallet,5.0,81,ZEON Network,2020-05-27 00:00:00,An Ethereum Wallet in your Browser
chrome,dmoidpfmmhnchjngdjcbkpdjfmhkpnjg,burnerx,BurnerX,0.0,5,David Mihal,2020-08-28 00:00:00,"BurnerX is a Ethereum wallet and Web3 browser extension, built using the Burner Wallet 2 libraries.

BurnerX allows users to send &‚Ä¶"
chrome,ihdpgdlddojmmkaokmnfdcdlooialppg,sagewallet,SageWallet,0.0,1,sagecitydevs,2020-09-04 00:00:00,An Ethereum Wallet in your Browser
chrome,hkckdnfadmnkgmkojfhdihollnjhlaam,smartify-price-comparison,Smartify: Price comparison & Coupon codes,5.0,239,Smartify: Price comparison & Coupon codes,2021-02-12 00:00:00,Saves you money and time when you shop online
chrome,kjncpaiejgkgpgiiibmnjnkahokdgfap,memorai-‚Äì-ai-memory-assis,Memorai ‚Äì AI memory assistant for Anki,4.0,622,humanloop,2021-01-24 00:00:00,AI memory assistant for Anki ‚Äì remember everything you read by automatically generating question cards from text.
chrome,oaleidlaomjgnhfhpihkohgihgdcibmj,lowtels-chrome-extension,LowTels Chrome Extension V2.0,4.5,10,Wholesale Hotels Group,2020-09-03 00:00:00,www.Low-Tels.com provides one of the lowest travel industry rates on hotels and also provides the MOST REWARDING HOTEL CASH-BACK‚Ä¶
chrome,cdkfohddmakcgfajhnacobhdgddahlap,cryptocurrency-news-tab,Cryptocurrency News Tab,5.0,56,newstab.com,2021-02-08 00:00:00,Get top Cryptocurrency news on your Chrome new tab page. Add any topic or news source.
chrome,innfmlnnhfcebjcnfopadflecemoddnp,ethereum-gas-price-extens,Ethereum Gas Price Extension,4.809523809523809,"5,000",nieldlr,2020-11-04 00:00:00,Displays the current gas price using your preferred gas price provider.
chrome,afgfdkloegmghldbalmenklokhlifphe,defi-saver-gas-prices-ext,DeFi Saver Gas Prices Extension,4.777777777777778,"1,000",DeFi Saver,2021-01-18 00:00:00,Ethereum gas prices extension with dark and light modes and 7-day historical data.
chrome,njbclohenpagagafbmdipcdoogfpnfhp,ethereum-gas-prices,Ethereum Gas Prices,5.0,646,Philippe Masset,2020-09-18 00:00:00,"Ethereum gas price info, always up to date, from multiple sources"
chrome,nganaoejibmmoecajmpimkgmbkhfmhoj,fireth,Fireth,5.0,528,ETHSagan,2020-09-23 00:00:00,The most efficient Ethereum GAS price tracker
chrome,lacghifpplnkgbelccecflapgnknmnci,ethereum-gas-watcher,Ethereum Gas Watcher,0.0,7,matnad,2021-02-01 00:00:00,Monitor Ethereum Gas Prices and set notifications
chrome,fnjhmkhhmkbjkkabndcnnogagogbneec,ronin-wallet,Ronin Wallet,4.986111111111111,"5,000",Sky Mavis,2021-02-04 00:00:00,A wallet for Sky Mavis's Ronin sidechain
chrome,llpbjcejemjfaicajiephoejjnogfbed,bitcoin-tab,Bitcoin Tab,0.0,39,Bitcoin Tab,2020-11-29 00:00:00,Replace new tab page with a crypto dashboard
chrome,hmgpmiiifjnmojgmmcnccbcmoinehpkh,multicashback,MultiCashback,0.0,1,MultiCashback,2021-01-16 00:00:00,"Multiple different ways to earn Cashback. Get money back when you shop online, participate in surveys, or order new products."
chrome,empdmmamahddmomggjgnanilliflpbkl,hnscan,HNSCAN,0.0,2,HNS,2020-09-21 00:00:00,Your trusted source for on chain Handshake information.
chrome,fnnegphlobjdpkhecapkijjdkgcjhkib,harmony-one-wallet,Harmony One Wallet,3.6,"1,000",Harmony,2021-02-13 00:00:00,Harmony One Browser Extension Wallet
chrome,iplppiggblloelhoglpmkmbinggcaaoc,arweave,Arweave,4.923076923076923,"4,000",team,2020-03-08 00:00:00,Arweave web archiver and wallet.
chrome,hddhfbmnobjkpefjbkdihnjpejfkcfop,free-cash-and-coins-8-bal,Free Cash and Coins - 8 Ball Pool Hack,0.0,182,arulrajnellai,2020-12-01 00:00:00,"How to Get Unlimited Cash & Coins for Free, 8 Ball Pool Hack Mod APK. Allows you to add Unlimited Cash and Coins"
chrome,encbagjjcfifhakoenggcgldeigmhmim,coin-master-free-spins-an,Coin Master Free Spins And Coins Daily,5.0,21,webhelper,2021-02-01 00:00:00,"Collect coin master free spins and coins, coin master free rewards daily"
chrome,ljhbihnmlagpkkenjimeipkjgcdlceob,house-of-fun-free-coins,House of Fun Free Coins,0.0,16,123movies,2020-10-28 00:00:00,House of Fun Free Coins! 
chrome,mnlfoooikhmcaomegmfopecjngldnmmn,ethermine-watcher,Ethermine Watcher,0.0,279,DW Crypto,2020-05-19 00:00:00,"Watch your Ethermine hashrate, balance, ETA until payout and more."
chrome,ggebchafnnkaganepgccgnlmcadpkeok,dark-cuties-mods,Dark Cuties Mods,5.0,138,verychard,2020-05-23 00:00:00,Collection of addons and mods for the game Blockchain Cuties
chrome,ajbjjjcoielbnkfidmbbhdledkmiobda,alfarotator,AlfaRotator,4.572093023255814,"2,000",alfarotator,2020-05-26 00:00:00,"Multicurrency faucet rotator which increase your profit, simplify and accelerate satoshi collection."
chrome,hlcokiejfjkkafinoiknhkbhpedhbgld,hrte,HRTE,0.0,2,Fl√ºsch Pl√ºsch,2020-10-23 00:00:00,Horizen Rewards/Transactions Exporter
chrome,jcacnejopjdphbnjgfaaobbfafkihpep,hive-keychain,Hive Keychain,4.2727272727272725,"10,000",Matt Rosen (@yabapmatt),2021-01-05 00:00:00,Secure Hive Wallet Extension.
chrome,pepgdkiflaefcmpogbpjpckbbddbjamc,hivetips,hivetips,5.0,204,altyesdev,2020-12-21 00:00:00,A chrome extension for tipping on social media platforms with HIVE tokens
chrome,aofmfleojhjengpmmmiopbofddlkokdb,altyes,AltYes,5.0,81,altyesdev,2021-01-02 00:00:00,Share and monetize your experiences on many social media networks including the Hive chain.
chrome,lbfjbappcgpjejkcdjponeobdcnldlkc,gmail-2-trello,Gmail-2-Trello,5.0,"4,000",Gmail-2-Trello,2021-02-10 00:00:00,"Gmail+Trello integration. Add Google mail to Trello cards with text, backlinks, and attachments."
chrome,pagabgmomnicmcbfmkellnfbacnghilg,simcity-mod-apk¬ª-100%-unl,SimCity Mod Apk¬ª [100% Unlimited Money/Coins],5.0,223,bishnusahu184,2020-12-12 00:00:00,"SimCity Mod Apk is a simulation game where you have to build like a complete city. [100% Unlimited Food, Gems, Coins]"
chrome,ofdpcccdenalkclfgbnjpoohmdnamcka,8-ball-pool-hack-unlimite,8 Ball Pool Hack - Unlimited Cash and Coins,0.0,50,arulrajnellai,2020-12-06 00:00:00,"How to Get Unlimited Cash & Coins for Free, 8 Ball Pool Hack Mod APK. Allows you to add Unlimited Cash and Coins"
chrome,eoagnafocoghmnpapgfidjhgimemhihj,simpleswap-crypto-exchang,SimpleSwap Crypto Exchange,0.0,22,coingalaxynet,2020-06-12 00:00:00,Unofficial SimpleSwap Crypto Exchange
chrome,kekcilgkmclepefpknjmonlkoopholaf,lucky-tab-make-money,Lucky Tab: Make Money,5.0,69,Lucky Technology Corporation,2020-11-28 00:00:00,"Win money on your new tab page, for free"
chrome,hppfhaphpjlonbhdnhhhlicceeadefah,monster-legends-mod-apk-u,"Monster Legends Mod Apk [Unlimited Gems,Food]",5.0,866,bishnusahu184,2021-01-07 00:00:00,"Monster Legends is a monster-battle game, where you fight with other monsters to win a battle [100% Unlimited Food, Gems, Coins]"
chrome,mncakliaaolcahepkmnbnfjdmfaedlik,coin-sentry,Coin Sentry,0.0,3,Anietie Asuquo,2021-02-16 00:00:00,Real-time alerts for cryptocurrency and stock market price changes.
chrome,doehlkonfoegpdopnmpkgkmjfkkebhbg,dino-hunter-mod-apk-100%,"Dino Hunter Mod APK [100% Money, Mod, Coins]",0.0,28,bishnusahuji2019,2020-10-09 00:00:00,Dino Hunter Mod APK is an amazing shooting game where gamers have to hunt deadly dinosaurs in the environment of the previous ages.
chrome,npiloajpeiacpamfhemhojjcacalgcai,fashtime-hoti,FashTime HoTi,0.0,5,FashTime,2020-06-25 00:00:00,Earn coins for your time spent surfing online. Discover partner sites to boost coins and get rewards for coins on the marketplace.
chrome,dlgphafbolodmjgcibcijhioabpplnim,golf-clash-coins-and-gems,Golf Clash Coins And Gems ,0.0,2,Game Developer,2020-12-29 00:00:00,Golf Clash Coins And Gems  
chrome,gbajhanpiiglanbdfanfkabgfnpdeafc,bitmex-pnl-dashboard,BitMEX PNL Dashboard,0.0,6,pnlcrypto,2020-07-05 00:00:00,Free PNL Dashboard for BitMEX !
chrome,ifpkfkehopifpgccncppdicimhcimccj,motocross-xtreme-stunts,Motocross Xtreme Stunts,0.0,"10,000",wellner.shenna1830,2020-05-04 00:00:00,In this motocross game you need to pass all nine levels and to earn points. Collect coins and do some stunts for extra points. Bal
chrome,kncchdigobghenbbaddojjnnaogfppfj,iwallet,iWallet,4.0476190476190474,"20,000",lucusfly,2021-01-19 00:00:00,Wallet Extension for IOST
chrome,ijancdlmlahmfgcimhocmpibadokcdfc,jetstream,Jetstream,4.88659793814433,"1,000",Jetstream,2020-04-20 00:00:00,Blockchain Chrome Extension Wallet. It provides the most Seamless & Ultra-connected Experience for ALL web services.
chrome,acpiodlfenhddlhbdignnkmdknjfpmop,jewel-luxury-cash-back-sh,Jewel Luxury Cash Back Shopping,4.533333333333333,"10,000",Jewel,2021-02-13 00:00:00,Don‚Äôt miss out on cash back offers from your favorite luxury Jewel retailers!
chrome,jkefllnpggoehndkogpdjndhfidgnchk,ckbox,CKBox,4.888888888888889,"1,000",Papa,2020-12-28 00:00:00,Advanced toolbox for CryptoKitties
chrome,dmkamcknogkgcdfhhbddcghachkejeap,keplr,Keplr,4.777777777777778,"10,000",keplr,2021-02-15 00:00:00,Keplr is a browser extension wallet for the Inter blockchain ecosystem.
chrome,pdknmigbbbhmllnmgdfalmedcmcefdfn,etheraddresslookup,EtherAddressLookup,4.561224489795919,"60,000",Harry,2020-09-04 00:00:00,Adds links to strings that look like Ethereum addresses to your favorite blockchain explorer + antiphishing measures.
chrome,jilmeemdnlicfnfilfmgoidbhfbolcpm,komodo-kmdbtc-price-ticke,Komodo (KMD/BTC) Price Ticker,5.0,21,Taha,2020-03-16 00:00:00,This extension shows latest price of KMD/BTC from bittrex exchange.
chrome,ieafcflodgfbcjeggikhlnckkfkhbmln,make-crypto-easier,Make Crypto Easier,0.0,0,Louis Mzk,2020-03-25 00:00:00,"This extension was created to facilitate the purchase and resale of cryptocurrencies, on some of the best known platforms."
chrome,chohglfmmlfhnkloampcdmnnhnhegbfg,bitbns-extension,Bitbns Extension,4.230769230769231,"1,000",Bitbns,2021-01-25 00:00:00,"Explore arbitrage opportunities and trade faster between Bitbns, Binance, Huobi, Gate.io and Kucoin"
chrome,ondajjlhahcmbfdmkpcmdmbbjkdimlob,poker-now-ledger,Poker Now Ledger,5.0,302,adhyyan1252,2020-08-26 00:00:00,Integrates a ledger of the game into the PokerNow Logs
chrome,nfgkjnippgahnedamcjhoankdmfegbhc,heath-ledger-wallpaper-hd,Heath Ledger Wallpaper HD,0.0,14,https://lovelytab.com/,2020-07-20 00:00:00,"Replace your new tab with the Heath Ledger Custom page, with bookmarks, apps, games and Heath Ledger wallpaper."
chrome,mebalpjlaipopoeiekhmfkmoifpkfaki,fetchai-web-wallet,Fetch.ai Web Wallet,0.0,48,Fetch.AI,2020-04-24 00:00:00,The Fetch.ai Web Wallet is a Chrome Extension for making interactions with the Fetch.ai Ledger super easy
chrome,mkhdgadimehhojbgpphhkodolihgmmfe,coinmarketcap,CoinMarketCap,5.0,188,conan,2021-01-29 00:00:00,CoinMarketCap
chrome,hpnpfamjbdhpekglefahjdjmledjleja,eurekalite,EurekaLite,5.0,"1,000",Eureka Network,2020-01-26 00:00:00,EurekaCoin light wallet and transaction signing client.
chrome,ffnbelfdoeiohenkjibnmadjiehjhajb,yoroi,Yoroi,4.51875,"80,000",EMURGO,2021-01-26 00:00:00,"A simple, secure and fast Cardano ADA wallet."
chrome,pdcafmmpfphfnngcbpiopmafdjgpbakg,altmask,Altmask,5.0,139,Althash,2020-11-05 00:00:00,Html light wallet and transaction signing client.
chrome,eaahcidigckkchdbjaakmglkchnhabib,beyondcoin-wallet-extensi,Beyondcoin Wallet Extension,5.0,5,Beyondcoin,2020-08-06 00:00:00,Light Web Wallet for Beyondcoin as a Chrome Extension.
chrome,gegmganblgchemddleocdoadmljledcj,neuma,Neuma,5.0,255,IOV SAS,2020-09-08 00:00:00,"Key manager and transaction signer for the IOV, Ethereum and Lisk blockchains"
chrome,pdpahdgmbnpeepflkedmdcieohpcpchh,cryptocurrency-price-tick,Cryptocurrency Price Ticker,5.0,32,Ethan Chiasson,2020-02-01 00:00:00,"This extension displays the live price of Bitcoin, Litecoin, and Ethereum"
chrome,gfchpofllbnjfhgmjbgmhljdpolcjing,mraddon-blockchain-viewer,MrAddon BlockChain Viewer for Chrome,0.0,23,MrAddon ¬Æ,2020-11-24 00:00:00,"MrAddon BlockChain Viewer for Chrome. Control the prices of Bitcoin, Ethereum, Litecoin, tokens etc all time"
chrome,cjelfplplebdjjenllpjcblmjkfcffne,jaxx-liberty,Jaxx Liberty,4.054545454545455,"20,000",Decentral Inc.,2021-02-01 00:00:00,Unifying the Blockchain Wallet experience across devices.
chrome,cbalobikfokmahifkdambhmijeadfkba,litecoin-ltc-simple-ticke,Litecoin (LTC) | Simple Ticker,0.0,0,txpetr.cz,2021-01-17 00:00:00,Displays quick information about the current price of Litecoin in your browser's toolbar.
chrome,mbaihdegekjkhgajmamfgmgephoeppgb,just-litecoin-ticker-pro,Just Litecoin Ticker [PRO],0.0,1,morocco,2020-11-03 00:00:00,"Super lightweight minimalist extension that displays the current Litecoin price in USD.

Data pulled from Coingecko's v3 API.‚Ä¶"
chrome,fhilaheimglignddkjgofkcbgekhenbh,oxygen-atomic-crypto-wall,Oxygen - Atomic Crypto Wallet,2.0,260,Oxygen - Blockchain Solutions,2020-05-26 00:00:00,"Multi cryptocurrency secure wallet - your key, your money!"
chrome,gkpgfnkkpnffhdidnjnainjfbfhoipbb,the-crypto-lab,The Crypto Lab,0.0,33,Louis Mzk,2020-03-20 00:00:00,"This extension was created to facilitate the purchase and resale of cryptocurrencies, on some of the best known platforms."
chrome,nogdkjfnegdjdgegekcclglocakclegl,bitcoin-ticker-for-wex-ex,Bitcoin Ticker for WEX exchange,4.833333333333333,19,Maksym Tymchyk,2020-08-27 00:00:00,"The best way to track Bitcoin, Litecoin and other cryptocurrencies price at WEX exchange"
chrome,ffkicalblogbdapjfckabempifkaieia,cryptocurrency-rates,Cryptocurrency Rates,4.0,16,Psych,2020-02-01 00:00:00,Constantly checks the rates of any cryptocurrency of your choice
chrome,blnhapkhocbglifgnelhmbjfeldogibh,dogecoin-price,Dogecoin Price,0.0,1,digitaldeveloper2971,2021-02-08 00:00:00,Daily update on Dogecoin Price. New crypto currency is introduce in market which has huge market cap.
chrome,lbifopgopmmonadamabfiammicnjfchb,lto-network-balance-check,LTO Network Balance Checker,5.0,50,MvG Solutions,2020-12-07 00:00:00,"Shows most recent balance and value. Average token price of cryptocompare is used for conversion to EUR, USD, ETH and BTC."
chrome,bkklifkecemccedpkhcebagjpehhabfb,metawallet,MetaWallet,0.0,180,Inblock,2020-12-17 00:00:00,Metacoin Browser extension
chrome,hipgfnjghjmfdebgmenoipheomjheknn,decamask,DECAMask,5.0,93,DECA,2020-07-04 00:00:00,An Ethereum Wallet in your Browser
chrome,kkilomkmpmkbdnfelcpgckmpcaemjcdh,celo-desktop-wallet,Celo-desktop-wallet,0.0,88,jiyun.kim,2020-09-17 00:00:00,A Celo Wallet in your Browser
chrome,afbcbjpbpfadlkmhmclhkeeodmamcflc,math-wallet,Math Wallet,4.526315789473684,"10,000",Math Global,2021-01-19 00:00:00,The MetaMask Scatter TronLink PolkadotJS Alternative All-in-One Crypto Wallet
chrome,kpfopkelmapcoipemfendmdcghnegimn,liquality-wallet,Liquality Wallet,4.85,"2,000",Liquality,2021-02-09 00:00:00,Secure multi-crypto wallet with built-in Atomic Swaps!
chrome,chjhdoppajmjhjkebbfgodhhmofjcinf,metamask-for-cobo-vault,MetaMask For Cobo Vault,0.0,0,Cobo Vault,2021-02-13 00:00:00,An Ethereum Wallet in your Browser
chrome,obldfcmebhllhjlhjbnghaipekcppeag,cashtab,Cashtab,5.0,72,cashtabapp,2021-01-18 00:00:00,A browser-integrated BCHA wallet from Bitcoin ABC
chrome,kkagambidfkjokpcplknnffejlppkijb,biharhelp-+-biharhelpin-r,Biharhelp + biharhelp.in result & admit card,0.0,11,SK ZONE,2020-12-14 00:00:00,"Biharhelp.com + biharhelp.in result & admit card, biharhelp.in category online form"
chrome,halmgkimboipdmlbhmfpaagfkpjecklm,dune-metal,Dune Metal,5.0,360,Dune Network,2020-10-29 00:00:00,Dune Wallet in your Browser
chrome,gkfdbfhccgafhdgeoojacffkljgofkml,yandex-quotes,Yandex Quotes,4.322916666666667,"5,000",dimfish,2020-11-25 00:00:00,"Finance monitor of currency, metal and oil from Yandex and CBR providers. Interactive chart from Yandex and ProFinance Forex with‚Ä¶"
chrome,doljlldhgokeonmnlnmpcnplgcnjjeij,just-monero-ticker-pro,Just Monero Ticker [PRO],0.0,1,morocco,2020-11-03 00:00:00,"Super lightweight minimalist extension that displays the current Monero price in USD.

Data pulled from Coingecko's v3 API.‚Ä¶"
chrome,nlbmnnijcnlegkjjpcfjclmcfggfefdm,mew-cx,MEW CX,4.37466307277628,"100,000",MyEtherWallet Inc,2021-01-06 00:00:00,MyEtherWallet Chrome Extension - Browse the blockchain. Bring your own MEW.
chrome,gehjkhmhclgnkkhpfamakecfgakkfkco,nasextwallet,NasExtWallet,4.636363636363637,"1,000",NasExtWallet,2021-01-31 00:00:00,The extension for Nebulas Dapp
chrome,bnbmlmjhaohpobnjfifeghjmamjfolnb,narwallets,Narwallets,5.0,44,Narwallets.com,2021-01-19 00:00:00,NEAR protocol multi-account wallets
chrome,clbdkfgpbegcholjommpekfehdghafpg,¬µtorrent¬Æ-torrent-downloa,¬µTorrent¬Æ- Torrent Downloader,5.0,136,Chrome,2021-01-27 00:00:00,¬µTorrent downloads files at high speeds using the BitTorrent hyper distribution communications protocol for P2P file sharing.
chrome,ckhlohlbolmihakbnlddceackadnodoe,dplus-party-disney-plus-w,DPlus Party - Disney Plus Watch Party,4.101694915254237,"20,000",DPlusParty,2021-01-05 00:00:00,"Watch Disney+ (Disney Plus) together anywhere, anytime with DPlus Party!"
chrome,pglehhnbhjhfddmbepbekkkegmcklige,namebase,Namebase,0.0,11,HNS,2020-09-26 00:00:00,Namebase is a top-level domain (TLD) name registrar that operates on the Handshake blockchain.
chrome,fmpfpnfkilclcdhcehcndbflhpnfkphj,dataprovider-website-insi,Dataprovider website insights,4.6,"1,000",Dataprovider,2020-07-30 00:00:00,"Discover the traffic of each website you visit, how active it is and whether it can be trusted."
chrome,bfjakeikcckenpbjkiiaaadkkephgmng,neo-chat-moral-censor,Neo Chat Moral Censor,0.0,228,MaxNeutrino,2020-03-28 00:00:00,Extension blocks links and words prohibited by the rules of prime.date website on the prime.date website chat and start pages
chrome,cphhlgmgameodnhkjdmkpanlelnlohao,neoline,NeoLine,2.5833333333333335,"10,000",NeoLine,2021-01-27 00:00:00,NEO thin wallet for chrome extension
chrome,bhhenlligefblmfiflfbcmhjohpbilme,teemo-wallet-neo3,Teemo Wallet NEO3,0.0,10,teemo.nel.group,2020-03-27 00:00:00,NEO browser extension
chrome,onofpnbbkehpmmoabgpcpmigafmmnjhl,nash-extension,Nash Extension,3.524193548387097,"30,000",NEX Integrations,2020-10-30 00:00:00,Blockchain Browser Extension
chrome,bpidplkdbojckdlhcjpckmgniebbfkkg,just-neo-ticker-pro,Just Neo Ticker [PRO],0.0,1,morocco,2020-11-03 00:00:00,"Super lightweight minimalist extension that displays the current NEO price in USD.

Data pulled from Coingecko's v3 API.‚Ä¶"
chrome,mpahgjigomjgbajfljiaaiemdcikhhfm,etsy-heart-exchanger,Etsy Heart Exchanger,4.818181818181818,"1,000",petris.dev,2021-01-19 00:00:00,Tool for automatic exchanging of item views and hearts.
chrome,bgjogpoidejdemgoochpnkmdjpocgkha,ecto-wallet,Ecto Wallet,4.571428571428571,530,ghostdevs,2021-02-16 00:00:00,Lightweight Chrome Extension Wallet for Phantasma.
chrome,glnmkakdjcognfgonjfcklpmjiobijii,d-chat,D-Chat,5.0,231,Lynn,2020-05-21 00:00:00,Decentralized chat on the NKN blockchain.
chrome,nicabfjcmlfepijmcjfcgagagbdplneb,404monster,404monster,5.0,5,dittoit2008,2020-12-21 00:00:00,"404monster enables you to publish valuable article to distributed ledger, which becomes immuable."
chrome,bgddejjmhilkdllbakkgddjodommlimc,bitcoin-price-ticker,Bitcoin price ticker,4.2,"7,000",Extpose,2020-10-13 00:00:00,Shows bitcoin price provided by CoinDesk Bitcoin Price Index in a browser toolbar.
chrome,mengdaiflgahpehifoiopgcdbjapabpn,bitcoin-price-converter,Bitcoin price converter,4.5,21,coen.baars,2020-02-22 00:00:00,"With the online Bitcoin price converter, you can easily get today‚Äôs exchange rates of Bitcoin (BTC) in any fiat currency."
chrome,geomlnabmmmpobpkejfngpmgchgcemlj,chksender-blockchain-emai,ChkSender: Blockchain Email-Fraud Protection,5.0,177,Blockchain Security Corp.,2020-04-22 00:00:00,Spots email fraud instantly. Let's combat BEC attacks together with ChkSender.No need to alter your email usage habits!
chrome,oeljdldpnmdbchonielidgobddffflal,eos-authenticator,EOS Authenticator,5.0,229,syedjafri97,2020-05-01 00:00:00,"A Chrome extension for users to sign transactions from EOSIO apps. 

The Chrome extension provides the following:
- It provides‚Ä¶"
chrome,gochdgmelobhldaeobcdeampknjdkcnm,microbitcoin-wallet-exten,Microbitcoin Wallet Extension,0.0,9,Nugetzrul3,2020-07-19 00:00:00,Light Web Wallet for MicroBitcoin as a Chrome Extension.
chrome,mecnjaomgfjbanlpfgamibplcbenbboc,rosebuddy-v12-by-loveware,ROSEBUDDY v1.2 by LOVEWARE!,5.0,45,XZYMION,2020-07-31 00:00:00,Send ROSES to your ROSEBUDDY. LOVE/PARTNERS/LOVERS/LIKE/ECARDS/VALENTINES/PARTNERSHIP/RELATIONSHIP/LONG DISTANCE/LONG-DISTANCE
chrome,fljfmblajgejeicncojogelbkhbobejn,discogs-enhancer,Discogs Enhancer,4.848101265822785,"4,000",mattsalcido,2021-01-28 00:00:00,"Adds a dark theme, block sellers, price comparisons, currency converter, configurable quick search, & more to Discogs!"
chrome,ejnhnjnlkkchdogfnjjdnpkjggpiodnh,amo-wallet,AMO Wallet,0.0,15,Penta Security Systems Inc,2020-12-01 00:00:00,AMO Wallet Chrome Extension
chrome,amligljifngdnodkebecdijmhnhojohh,enzyme,Enzyme,5.0,934,BlockX Labs,2020-10-26 00:00:00,Polkadot DApp Wallet
chrome,epphicpagbghnafnaehaecanjogjbbkk,dot-wallet,DOT Wallet,5.0,763,DOT Wallet,2020-09-10 00:00:00,Manage your Polkadot accounts outside of dapps. It is improved by some fraud protection functions. Beta version!
chrome,ahboebefkdoiomfpehlgjehokjjlndmj,eth-ticker-ethereum-ticke,ETH Ticker | Ethereum Ticker | Token Ticker,4.2592592592592595,"2,000",Betonimig,2021-01-27 00:00:00,"Ethereum and Token exchange price ticker. Displays the current price on the badge icon, Chart and Alert notifications."
chrome,gidpkdpdnngpfohekcfkfjbkieeihekj,btc-ticker-bitcoin-ticker,BTC Ticker | Bitcoin Ticker,4.368421052631579,"2,000",Betonimig,2021-01-25 00:00:00,"Bitcoin and Token exchange price ticker. Displays the current price on the badge icon, Chart and Alert notifications."
chrome,mbfcnfgpimdeehokhmhdhmpmkphdeamd,ethereum-price-ticker-eth,Ethereum Price Ticker | ETH Price Ticker,5.0,556,"Root Consulting, Inc",2021-01-05 00:00:00,Displays the current Ethereum (ETH) price.
chrome,ddmojnnanggcjkfpjlaeabeeadejcmde,ltc-ticker-litecoin-ticke,LTC Ticker | Litecoin Ticker,5.0,182,Betonimig,2021-01-26 00:00:00,"Litecoin and Token exchange price ticker. Displays the current price on the badge icon, Chart and Alert notifications."
chrome,jojhfeoedkpkglbfimdfabpdfjaoolaf,polymesh-wallet,Polymesh Wallet,5.0,382,Polymath Inc. (Apps),2021-02-05 00:00:00,Manage your Polymesh accounts outside of dapps. Injects the accounts and allows signing transactions for a specific account.
chrome,cjfeohjffkdehdblcolicjhhnbphcmna,qiwallet,QiWallet,5.0,"1,000",QiSwap,2020-09-27 00:00:00,"Qtum light wallet and transaction signing client, support QiSwap."
chrome,dikgghfppjlllgenipecchflncgooknk,refund-max,Refund Max,4.0,125,Kinvoke,2020-07-13 00:00:00,Attention Amazon FBA Sellers: Find the money Amazon owes you with the most comprehensive refund finder!
chrome,dhabdofcfmbcogjdnlnjnodicfmaaiej,qpocket,QPocket,5.0,324,QUARKONIUM PTE. LTD.,2020-08-01 00:00:00,QuarkChain Wallet Extension.
chrome,jkjnjhfcoeoogcdmdhmckfchlbecholg,ruiÈîê,RuiÈîê,5.0,168,DimwormÊÑÅËô´,2020-06-04 00:00:00,RChain Wallet
chrome,mkjdcoeddifgnbbafjppfcabiggcfhmo,chargedesk-for-stripe-pay,"ChargeDesk for Stripe, PayPal & Braintree",5.0,"2,000",ChargeDesk,2020-06-04 00:00:00,"Manage payments inside tickets and emails. Works with Zendesk, Help Scout, Intercom, Freshdesk, Front, Desk.com, Gmail and more."
chrome,hlbkkfgplamgidcmijjcglabmiekfech,smart-pass,smart-pass,3.8333333333333335,"3,000",Fabian Henneke,2020-05-14 00:00:00,Fill in login forms using an OpenPGP-enabled smart card
chrome,ohdfhnkelpnfiamkjnfbbafnhleohmma,youtube-party,YouTube Party,2.6857142857142855,"20,000",Trip.S.Software,2020-05-13 00:00:00,YouTube Party lets you sync your YouTube videos together with friends over the internet!
chrome,doahjhcfgmfpebgljcnhjajkpbkjbndf,cardspotter-magic-card-sp,CardSpotter (Magic Card Spotter),5.0,517,Jonas,2021-01-22 00:00:00,Automatic card image tooltips for MTG video streams.
chrome,aikikoaeiajkpmicefgjfgmaibbhbmho,bitbucket-pull-request-re,BitBucket Pull Request Review Helper,5.0,878,Sean Dwyer,2020-11-24 00:00:00,This extension allows you to flag individual files in a pull request as reviewed
chrome,bfkikmfkcnoogbhhebglhagdpmhnblmk,atlassian-pull-request-no,Atlassian Pull Request Notifier,3.2,422,clanceyp,2020-03-02 00:00:00,Display pull request notifications from Stash and Bitbucket
chrome,afppminkfnfngihdocacbgeajbbdklkf,refined-bitbucket,Refined Bitbucket,4.56,"5,000",Ronald Rey,2021-02-13 00:00:00,Improves Bitbucket's user experience
chrome,hlagecmhpppmpfdifmigdglnhcpnohib,bitbucket-server-extensio,Bitbucket Server Extension,3.9047619047619047,"3,000",dragouf,2020-11-05 00:00:00,Allow to add group of reviewers for pull request in bitbucket server + other features
chrome,fcngjpblanflfmbkdkheajgobilapkfa,prime-party,Prime Party,3.5789473684210527,"50,000",Kush,2020-07-26 00:00:00,Watch Amazon Prime Videos together
chrome,lcbccdficpgimdbikgdbnhpenpbmfocj,chrome-cleaner,Chrome Cleaner,4.481203007518797,"100,000",chrome cleaner,2020-07-10 00:00:00,Fasten your browser by cleaning all cashed and saved data
chrome,fkamanigbhmdpinnikifipiaaaodjhpc,youwallet,YOUWallet,5.0,14,YOUChain,2021-01-14 00:00:00,The wallet extension for YOUChain.
chrome,cedkkpjolghccafognlkficihjmfedhc,google-keep-encryptor,Google Keep Encryptor,4.75,263,Naiqus Zhang,2020-11-30 00:00:00,Google Keep Encryptor
chrome,okchiedmnincflodifnojcnhnncldcbk,uppward-network-defence-s,UPPward (Network Defence Security),4.981132075471698,948,Sentinel Protocol,2020-11-15 00:00:00,"Protection solution against cyber threat, cryptocurrency scams, and frauds."
chrome,dnjhbpjfonpojkghgobcfanineelbooj,shopyub-automatic-coupon,ShopYub Automatic Coupon Finder Cashback,0.0,4,https://www.coupon.shopyub.com,2021-02-09 00:00:00,"ShopYub precisely uncovers coupons, applies extraordinary coupon code at checkout and offers you cashback."
chrome,bnoofoejokbhomedmcepbgbphabnboif,live-tv-india-500+-live-t,Live TV India: 500+ live TV Pay Channels,5.0,118,one free tv,2020-12-09 00:00:00,Live TV India: Watch 500+ Indian live TV (Pay)channel online for free
chrome,lkcjlnjfpbikmcmbachjpdbijejflpcm,steem-keychain,Steem Keychain,4.818181818181818,"6,000",Matt Rosen (@yabapmatt),2020-03-24 00:00:00,Secure Steem Wallet Extension.
chrome,hcoigoaekhfajcoingnngmfjdidhmdon,whalevault,WhaleVault,4.666666666666667,404,alexpmorris,2020-12-30 00:00:00,Secure Graphene Cross-Chain Key Store Extension
chrome,jhgnbkkipaallpehbohjmkbjofjdmeid,steemkeychain,SteemKeychain,5.0,356,HappyBerrysBoy,2020-12-19 00:00:00,Steem keychain
chrome,lifidlbpankklllcklhkijihhnaapoef,check-status-code,Check Status Code,2.125,840,soninow,2020-07-02 00:00:00,"Check server status code, redirection URLs, response headers, Basic Authentication & redirection chain of server connection."
chrome,flfdeojdcmafkipiacfmdgnijodanedb,pr-status,PR Status,5.0,82,rehanahmad,2020-10-23 00:00:00,Show Github PR Review Approval status in the cards on a Jira board
chrome,dbfipcjecamggjfabeaclacjoohfjhhn,–∫—ç—à–±—ç–∫-—Å–µ—Ä–≤–∏—Å-–º–µ–≥–∞–±–æ–Ω—É—Å,Cash Back Service Megabonus,4.642426071213036,"200,000",Webimatic LTD,2021-02-13 00:00:00,Service helping to make smart online purchases
chrome,bcacfldlkkdogcmkkibnjlakofdplcbk,freighter,Freighter,4.714285714285714,657,stellar.org,2021-01-21 00:00:00,Freighter is a non-custodial wallet extension that enables you to sign Stellar transactions via your browser.
chrome,kpcngaggbajehefdinhniockfhdhacnb,coinbag-track-all-your-co,Coinbag - Track all your coins in one place,5.0,102,CoinBag,2020-05-29 00:00:00,"Track price of bitcoin, Ethererum, Ripple, IOTA, EOS, Stellar and more than 1000 coins"
chrome,lfjcgcmkmjjlieihflfhjopckgpelofo,google-apps-script-github,Google Apps Script GitHub Assistant,4.794871794871795,"10,000",leonhartX,2021-01-21 00:00:00,Manage your gas code with github/github enterprise/bitbucket/gitlab
chrome,mcolhhemfacpoaghjidhliecpianpnjn,–∫—ç—à–±–µ–∫-—Å–µ—Ä–≤–∏—Å-secretdisco,Cashback Service - SecretDiscounter.com,5.0,"3,000",SecretDiscounter.com,2020-06-05 00:00:00,Cashback Service SecretDiscounter - Get cashback on your purchases!
chrome,cdopijddofmobcpbhmikjglcfmjijlka,stratis-stratbtc-price-ti,Stratis (STRAT/BTC) Price Ticker,3.5,31,Taha,2020-03-17 00:00:00,This extension shows latest price of STRAT/BTC for bittrex.
chrome,cknoenfpneihlklphnieimfaolpaammb,haspit,Haspit,0.0,19,"Haspit, Inc.",2020-11-25 00:00:00,Haspit | Secure Your Email with Blockchain
chrome,epanfjkfahimkgomnigadpkobaefekcd,blur,Blur,4.318131256952169,"100,000","Abine Inc., The online privacy company",2021-02-10 00:00:00,"Protect your Passwords, Payments, and Privacy."
chrome,mhhgjpidhclpobhkdnlopdfhfamalnia,stormx-shop-earn-crypto,StormX: Shop & Earn Crypto,5.0,"5,000",StormX Singapore PTE. LTD.,2021-02-15 00:00:00,StormX
chrome,mipeohjjimeknlkekbemdjbjniogbgel,hubstaff-time-tracker,Hubstaff Time Tracker,4.363636363636363,"10,000","Netsoft Holdings, LLC",2020-10-06 00:00:00,"Chrome time tracker with screenshots, online timesheets, task management, url monitoring & employee payroll"
chrome,ookjlbkiijinhpmnjffcofjonbfbgaoc,thanos-wallet,Thanos Wallet,5.0,"1,000",Madfish Solutions,2021-02-16 00:00:00,üîêüí∞Cryptocurrency wallet for Tezos blockchain as Web Extension for your Browser.
chrome,oocojependgglmnbdmmelleoolopahge,tezosoperationchecker,TezosOperationChecker,0.0,2,Rodrigo Quelhas,2020-09-15 00:00:00,A browser extension to check the encoding of operations in the Tezos blockchain.
chrome,gnamoippebdncomaimedfleloliapala,akila-wallet,Akila Wallet,0.0,0,info,2021-02-15 00:00:00,Cryptocurrency wallet for Tezos blockchain as Web Extension for your Browser.
chrome,iafehpnnfahnjbgmdfmlcfopafehckkh,payback-2-the-battle-sand,Payback 2 The Battle Sandbox,0.0,196,gamerims,2021-01-20 00:00:00,"Payback 2 The Battle Sandbox game, now available on chrome"
chrome,bkbipadjogdmmnajfplbllmglobaiapc,whatslly-connecting-whats,Whatslly - Connecting WhatsApp & Salesforce,4.9655172413793105,"1,000",Whatslly,2021-01-24 00:00:00,"A Salesforce AppExchange Partner, create leads, view contact details and copy chats into Salesforce."
chrome,ahkepgmbodoebkgfnfppnbgpibgnkanh,tether-usdt-simple-ticker,Tether (USDT) | Simple Ticker,0.0,6,txpetr.cz,2021-01-10 00:00:00,Displays quick information about the current price of Tether in your browser's toolbar.
chrome,ckelpdlfgochnkdgikcgbimdcfgpkhgk,theta-wallet,Theta Wallet,4.363636363636363,"3,000",Theta Labs,2021-02-03 00:00:00,Theta Wallet & gateway to blockchain apps on the Theta Network.
chrome,bmnfikjlonhkoojjfddnlbinkkapmldg,bibitnow,BibItNow!,4.7,"9,000",Langenscheiss,2020-11-08 00:00:00,"Instantly generates a Bibtex, RIS, Endnote, APA, MLA or (B)Arnold S. bibliography item from journal articles, books, etc. ."
chrome,anfhjfflodcjcfmgcgfenjlkkehphhal,ferz-wallet,Ferz Wallet,0.0,5,Ferz Inc.,2020-11-03 00:00:00,"Decentralised, crypto wallet powered by Thorchain protocol. Instantly swap supported assets."
chrome,apackbelmolgjpdfegmnkpajpdnchkgp,2020wallet,2020Wallet,5.0,34,unfoldlabs,2020-09-07 00:00:00,Automatic login to your websites with single swipe.
chrome,kmmolakhbgdlpkjkcjkebenjheonagdm,algosigner,AlgoSigner,5.0,579,https://www.purestake.com,2020-12-29 00:00:00,Algorand Wallet Extension | Send & Receive ALGOs | Sign dApp Transactions
chrome,blnieiiffboillknjnepogjhkgnoapac,equal-wallet,EQUAL Wallet,4.732142857142857,"1,000",equalnetwork,2021-01-05 00:00:00,EQUAL Wallet
chrome,bjfnbiebjhlnpjjalelblpfhojmcdahb,metatransact-dappconnect,MetaTransact dAppConnect,0.0,18,MetaTransact,2020-06-03 00:00:00,MetaTransact dAppConnect allow users to pay Ethereum txn fee in ERC20 tokens
chrome,nplfockicpoicmabmpjjkdiepdajflbn,etherscan-quick,Etherscan Quick,5.0,73,dan,2020-01-08 00:00:00,Access etherscan pages quickly
chrome,jpfolalfhhpgehgboellpeohdaggocli,hex-metatransact-dappconn,HEX MetaTransact dAppConnect,0.0,10,MetaTransact,2020-05-31 00:00:00,HEX MetaTransact dAppConnect allow users to pay Ethereum txn fee in ERC20 tokens
chrome,ldjaieegladfnkopenlafecgcdkealec,metatransact-dappconnect,MetaTransact dAppConnect,0.0,4,MetaTransact,2020-05-31 00:00:00,MetaTransact dAppConnect allow users to pay Ethereum txn fee in ERC20 tokens
chrome,loiopaejobjggipodncmajcmdolegdan,mcashlight,McashLight,5.0,316,Midas Core Pte Ltd,2020-03-04 00:00:00,"An interactive browser extension for signing, receiving and broadcasting MCASH transactions"
chrome,iopigoikekfcpcapjlkcdlokheickhpc,aergo-connect,Aergo Connect,5.0,694,Aergo,2020-11-21 00:00:00,"Wallet for Aergo Mainnet, Testnet, and private networks"
chrome,hplnpmobilcipddcpeejfmcpkfcklbpb,accby-wallet,Accby Wallet,0.0,4,accbychain,2020-01-21 00:00:00,Accby Wallet
chrome,lchdninaaaephipekicpgbbckihhapmj,dungeon-tokens,Dungeon Tokens,0.0,1,rameal.nabeeh,2020-12-08 00:00:00,An extension to deploy tokens and manage initiation
chrome,ocfgfhicacgipgpiapepehhpidbhijkl,pantograph,Pantograph,5.0,419,bacoor,2020-12-10 00:00:00,A TomoChain Wallet in your Browser
chrome,enhknmggbofiiljpiamokbhkmhgocmod,m1-finance-color-changer,M1 Finance Color Changer,0.0,3,VenmarkStudio,2020-02-22 00:00:00,Description
chrome,cgmhechlnfbnfcnomkmcillkgnipocfh,greenbelt,greenbelt,5.0,44,trueglobal,2020-02-06 00:00:00,greenbelt is blockchain's web tool!
chrome,fnabdmcgpkkjjegokfcnfbpneacddpfh,goldmint-lite-wallet,Goldmint Lite Wallet,5.0,342,Goldmint,2020-04-24 00:00:00,Send and receive MNT/GOLD in Mint blockchain
chrome,imloifkgjagghnncjkhggdhalmcnfklk,trezor-password-manager,Trezor Password Manager,3.844155844155844,"10,000",SatoshiLabs,2020-04-16 00:00:00,Really secure password manager using Trezor.
chrome,pegpahfaipieebkhnbifbpahaiojdfea,trezor,Trezor,5.0,17,Cloaked Treasure,2021-02-16 00:00:00,"Steganography made easy, Hide your secrets in plain sight"
chrome,nkbihfbeogaeaoehlefnkodbefgpgknn,metamask,MetaMask,3.8628198149156234,"2,000",metamask,2021-02-10 00:00:00,An Ethereum Wallet in your Browser
chrome,nngceckbapebfimnlniiiahkandclblb,bitwarden-free-password-m,Bitwarden - Free Password Manager,4.845167201099405,"800,000",Bitwarden Inc.,2021-02-09 00:00:00,A secure and free password manager for all of your devices.
chrome,dkdedlpgdmmkkfjabffeganieamfklkm,cyano-wallet,Cyano Wallet,3.111111111111111,"6,000",cyano-publishing,2020-10-22 00:00:00,Cyano Wallet - an Ontology wallet
chrome,cmbagcoinhmacpcgmbiniijboejgiahi,justliquidity-wallet,JustLiquidity Wallet,5.0,244,JustLiquidity,2020-10-13 00:00:00,Ethereum Browser Extension
chrome,icmkfkmjoklfhlfdkkkgpnpldkgdmhoe,cyano-wallet-pro,Cyano Wallet Pro,0.0,36,cyanowallet,2020-11-09 00:00:00,Cyano Wallet Pro - an Ontology wallet
chrome,moaehhjcfiempcbcglpmmppcdphmgkef,newmask,NewMask,0.0,21,newton.newmask,2020-09-30 00:00:00,An NewChain Wallet in your Browser
chrome,pdadjkfkgcafgbceimcpbkalnfnepbnk,kardiachain-wallet,KardiaChain Wallet,0.0,8,lew,2021-02-16 00:00:00,KardiaChain Web3 Extension
chrome,ifckdpamphokdglkkdomedpdegcjhjdp,onto-wallet,ONTO Wallet,0.0,3,ontowebwallet,2021-02-01 00:00:00,ONTO Wallet - an Ontology wallet
chrome,amkmjjmmflddogmhpjloimipbofnfjih,wombat-eos-telos-wallet,Wombat - EOS & Telos Wallet,4.4375,"20,000",Spielworks GmbH,2021-02-04 00:00:00,Blockchain within seconds for everyone
chrome,nacmlkkjcfbafppefkfkllicfnmplded,sonicxlink,SonicxLink,5.0,75,SonicX Foundation,2020-07-02 00:00:00,The first and most popular SonicX wallet. Recommended by SonicX Foundation.
chrome,hhimbkmlnofjdajamcojlcmgialocllm,extraton,extraTON,4.666666666666667,666,extraton,2021-02-15 00:00:00,FreeTON dapps to user communicator and wallet.
chrome,dklmlehijiaepdijfnbbhncfpcoeeljf,fshares-wallet,FShares Wallet,5.0,728,futureshares2019,2020-01-10 00:00:00,FSC Identity Signature and Authorization System
chrome,ibnejdfjmmkpcnlpebklmnkoeoihofec,tronlinkÔºàÊ≥¢ÂÆùÈí±ÂåÖÔºâ,TronLinkÔºàÊ≥¢ÂÆùÈí±ÂåÖÔºâ,3.541436464088398,"200,000",www.tronlink.org,2021-02-08 00:00:00,The first and most popular TRON wallet. Recommended by TRON Foundation.
chrome,pnndplcbkakcplkjnolgbkdgjikjednm,tron-wallet-explorer-tron,Tron Wallet & Explorer - Tronium,4.1,"3,000",syattdevelopment,2020-10-19 00:00:00,Tron Wallet & Explorer for Google Chrome
chrome,djhecjelehcfnnlbkegkckcngmngdnjf,reynapay,ReynaPay,3.6666666666666665,23,Reyna Foundation,2020-01-15 00:00:00,ReynaPay Chrome Extension for Tron Foundation
chrome,egfbimboljdebhepefdiolkpdbiaaggp,tronmask,TronMask,4.375,"2,000",TronMask,2020-09-24 00:00:00,A Tron Wallet in your Browser
chrome,nanjmdknhkinifnkgdcggcfnhdaammmj,guildwallet,GuildWallet,4.3076923076923075,"1,000",BitGuild,2021-02-06 00:00:00,GuildWallet
chrome,ejeemacpidnaejkhpbmfkadhgjhnolaa,ezdefi,ezDeFi,4.923076923076923,"1,000",ezdefi.com,2020-12-21 00:00:00,A Blockchain Wallet in your Browser
chrome,eomhlheglneofffmbfjflldlbcnhpkpb,tronboss,TronBoss,5.0,1,TronBoss,2021-01-23 00:00:00,Tron Wallet for Chrome Browser Extension
chrome,fcckkdbjnoikooededlapcalpionmalo,mobox-wallet,MOBOX WALLET,0.0,36,samuel,2021-02-10 00:00:00,DEVELOPED BY TEAM MOBOX 
chrome,bkdlmhjcfkfainkpdcdnaefganapmblg,skywallet,SkyWallet,0.0,6,developer,2020-06-13 00:00:00,Experience the Klaytn blockchain wallet in your browser
chrome,fbeiiganbeffhobegddakpmplljhmfnd,sparrow,Sparrow,5.0,375,iquidus,2021-02-12 00:00:00,A Ubiq Wallet in your Browser
chrome,bnpalipgomknhgbmgelaplknnmckljaf,currency-converter-widget,Currency Converter Widget - Exchange Rates,4.719101123595506,"2,000",Currency.Wiki,2020-12-06 00:00:00,Currency conversion extension for Google Chrome and Edge browser that is based on the Chromium open-source project.
chrome,cidalejakfnmkeioolifplbocphngkhl,admitad-extension,Admitad Extension,4.154761904761905,"30,000",Admitad,2021-01-21 00:00:00,Extension No.1 for earning money on your audience
chrome,epngggilgnflanfabeldfpbgponcgpgl,new-tab-studio-countdown,"New Tab Studio: Countdown, Habit, Background",4.86873920552677,"20,000",mavo-dash,2020-11-17 00:00:00,"New tab widgets: Pretty background, Countdown timer, Todo List, Habit tracker, Notes, Dashboard, Photos, Clock, Deadline, Dark theme"
chrome,cfnpidifppmenkapgihekkeednfoenal,trafficlight,TrafficLight,4.495278069254984,"700,000",Bitdefender Labs,2020-10-13 00:00:00,Bitdefender TrafficLight adds a strong and non-intrusive layer of security to your browsing experience.
chrome,jlnfnpelianecpjoeahaeihmkhnkakof,multiselect-for-trello,Multiselect for Trello,3.732283464566929,"2,000",Federico Martinez,2021-02-11 00:00:00,Manage and modify multiple cards at once
chrome,ogajfoicbmjoggcpkmhddokjoipjbnkg,feel-the-fee,Feel the Fee,0.0,34,harry830622,2020-09-10 00:00:00,Check out real-time gas fees on Ethereum in whatever currency you like
chrome,loaljdkanlgipgdlmgijfodcaggiikjo,quick-ant,Quick Ant,4.2682926829268295,"1,000",quickant00,2020-11-29 00:00:00,"Upbit, Bithumb Îß§Ïàò/Îß§ÎèÑ Îã®Ï∂ïÌÇ§ Ìà¥"
chrome,lekfgahkjfpgjmpbbppdllkamcjdjgfm,quick-ant-ext,Quick Ant Ext,3.5,419,quickant00,2020-11-29 00:00:00,"Upbit, Bithumb Îß§Ïàò/Îß§ÎèÑ Îã®Ï∂ïÌÇ§ Ìà¥ ÌôïÏû•"
chrome,lleoahfonbeenjhjlkpmilmeengknlnp,jstbuy-hide-upbit-sell-bu,JSTbuy - Hide upbit sell button,0.0,2,limebear,2020-11-24 00:00:00,Chrome extension hide the sell tab in Upbit
chrome,ojdajiedkmmmchkdpceanekpmdmnohhe,Îã®ÌÉÄÏùò-Ïã†-for-ÏóÖÎπÑÌä∏-ÎπóÏç∏-Î∞îÏù¥ÎÇ∏Ïä§-ÎπÑÌä∏Îß•,"Îã®ÌÉÄÏùò Ïã† for ÏóÖÎπÑÌä∏, ÎπóÏç∏, Î∞îÏù¥ÎÇ∏Ïä§, ÎπÑÌä∏Îß•Ïä§",4.934426229508197,"1,000",dscoin,2021-02-16 00:00:00,"ÏóÖÎπÑÌä∏(UPBIT), ÎπóÏç∏(BITHUMB), Î∞îÏù¥ÎÇ∏Ïä§(BINANCE), ÎπÑÌä∏Îß•Ïä§(BITMEX) ÏÇ¨Ïù¥Ìä∏ ÎÇ¥ Îã®Ï∂ïÌÇ§Î•º ÌÜµÌïú Îß§Ïàò/Îß§ÎèÑÏùò Îπ†Î•∏ ÏßÑÌñâÍ≥º ÏòàÏïΩÏ£ºÎ¨∏(ÏûêÎèôÍ∞êÏãú[Ïä§ÌÉëÎ°úÏä§, Ìä∏Î†àÏùºÎßÅÏä§ÌÉë]) Í∏∞Îä•ÏùÑ Ï†úÍ≥µÌïòÎäî Î≥¥Ï°∞ÌîÑÎ°úÍ∑∏Îû®ÏûÖÎãàÎã§."
chrome,jlnmjekmbboahjghfaoliefacdpdcegp,upbitmacro,Upbit_Macro,0.0,58,petabyte,2020-03-02 00:00:00,Upbit_Macro
chrome,cbomnldpfbpmaonfclcbmhhcphgaljhe,bitsell-x,Bitsell X,4.333333333333333,338,ABP Interactive,2020-06-07 00:00:00,"Trade 100+ cryptocurrencies FAST! Non-Custodial, Lax verification, No account, BEST market rates. Even EUR/USD credit card accepted!"
chrome,fhhkkooikehnkaodebbfnkinedlllcfk,blockchair,Blockchair,5.0,"2,000",Blockchair,2021-01-18 00:00:00,"Block explorer and anonymous crypto portfolio tracker for Bitcoin, Ethereum, and others in your browser"
chrome,iaadlolcdpmkjnlbogccfejeoghobemj,g999-ticker,G999 Ticker,0.0,20,Pieter vd Merwe,2021-02-16 00:00:00,This extension Shows G999 coin in USD price.
chrome,lbdhflfllhpalbgpihfaihgboehmegap,coin-master-hd-wallpapers,Coin Master HD Wallpapers Game Theme,4.888888888888889,620,Themes For You,2021-01-06 00:00:00,Includes HD wallpaper images from the game Coin Master on every tab background.
chrome,mfiddnlhlmehcbpkhgljjchnjmlkanje,bitcoin-price,Bitcoin Price,5.0,6,https://hubbion.com,2020-11-28 00:00:00,"Price of Bitcoin in USD and other major currencies. Powered by the CoinGecko API, this extension does two things:

One, it shows‚Ä¶"
chrome,fgbchkgnilfaodikpidlplkelknjejea,binance-coin-bnb-simple-t,Binance Coin (BNB) | Simple Ticker,0.0,1,txpetr.cz,2021-01-09 00:00:00,Displays quick information about the current price of Binance Coin in your browser's toolbar.
chrome,pnleehdloehdndokdiemokopkalbbgen,mex-assistant-for-bitmex,MEX Assistant for BitMEX,4.8,88,MEX Assistant,2020-12-28 00:00:00,Place up to 50 scaled orders into the BitMEX order book with one click
chrome,bflpmpggmkamcjjdjajcafkpcmjmgcfg,fut-sniping-bot,FUT Sniping Bot,4.486486486486487,"6,000",amr.ab,2021-01-26 00:00:00,The ultimate FIFA money-making bot
chrome,cnogbbmciffpibmkphohpebghmomaemi,bittube-airtime-donations,"BitTube AirTime, Donations, Adblocker, Wallet",4.429223744292237,"10,000",BitTubeINT O√ú,2021-01-05 00:00:00,Monetize your time while you are browsing the web.
chrome,oeghpabljpekdmnkijjiambadiobfoog,fgc-lite,FGC Lite,5.0,7,Fantasy Gold Coin,2020-11-19 00:00:00,FantasyGold light wallet and transaction signing client.
chrome,hfcngjckdnogfcfdgdckcaikblicjnhj,my-singing-monsters-hack,My Singing Monsters Hack Unlimited Diamonds,0.0,80,msmpro,2020-12-23 00:00:00,My Singing Monsters Hack Unlimited Free Diamonds & Coins 2021 Cheats Mod Apk
chrome,konlmcdlofpoegdkbjocdfojejmfkfbo,btc-price-bage-tracker,BTC price bage tracker,0.0,3,prohronus,2020-04-26 00:00:00,The extension for real-time monitoring of the BTC-USD rate from Coinbase API. Open-source: https://github.com/ProHronus/BTC-Tracker
chrome,bifgdgokenggepijpgmljalgbdaifnco,buycoins-price-checker,BuyCoins - Price Checker,5.0,3,Balogun Wahab,2020-08-18 00:00:00,Latest price of cryptocurrency on BuyCoins
chrome,jabkcacglannajohdmbgiejideejeeln,free-url-shortener-for-go,Free Url Shortener for Google Chrome‚Ñ¢,4.214285714285714,"1,000",http://1bestlinks.net/,2021-01-29 00:00:00,"Shorten gg link, best bitly, fastest. Free url shortener. Shorten the link to share on social networks, forums: friends..."
chrome,ojopeinoooepnfnmifmmjebccpnjamea,vechain-price-checker,VeChain Price Checker,4.6,98,A Byte Ahead,2020-10-14 00:00:00,View crypto currencies of VeChain and others from exchanges.
chrome,fpkhlnacfhciopipcjpcjmkpldbogaeo,crypto-price-tracker,Crypto Price Tracker,3.966666666666667,"1,000",apostopher,2020-09-01 00:00:00,"The extension supports bitcoin, ether, ripple, monero, neo and many others. Never miss an opportunity to invest in cryptocurrencies."
chrome,fokhhpjdgkfibbapdlphembbgpkmceej,vsys-gold-wallet,VSYS Gold Wallet,0.0,6,Vipertech.ch,2021-01-28 00:00:00,Fast and very simple v.systems wallet.
chrome,adfnjoodbdcoikkhallnfejjokefkkbd,v-wallet-extension,V Wallet Extension,5.0,107,V Systems,2020-12-12 00:00:00,A browser extension wallet for V Systems
chrome,omnkcjdohbnjfjmlaiboojplahajnenj,wanmask,WanMask,5.0,"2,000",wanmask,2021-02-10 00:00:00,An Wanchain Wallet in your Browser
chrome,odaegfdpkolgbdaeibcebmibmibchbce,waykimax,WaykiMax,5.0,359,wiccdev,2020-11-05 00:00:00,A WaykiChain Wallet in your Browser
chrome,cihmoadaighcejopammfbmddcmdekcje,leafwallet-easy-to-use-eo,LeafWallet - Easy to use EOS wallet,4.5,"1,000",leafwallet,2020-07-30 00:00:00,Compatible with the scatter protocol and more convenient and easy to use than scatter.
chrome,mafmgibibhbhecakfakpkbikiijcmgkg,waves-wavesbtc-price-tick,Waves (WAVES/BTC) Price Ticker,4.913043478260869,660,Taha,2020-03-14 00:00:00,This extension shows latest price ticker of WAVES from bittrex exchange
chrome,ofhcjgfhkkcjadjabioiohpkelppokhm,archero-hack-unlimited-ge,Archero Hack Unlimited Gems & Coins,0.0,22,apollo,2020-12-26 00:00:00,Archero Hack 2021 Unlimited Free Gems And Coins Glitch Cheats Mod Apk
chrome,ciddleogiondgeldkddeknbdjhjimbld,wink-coupons,Wink Coupons,5.0,"700,000",Wink Coupons,2020-11-24 00:00:00,Wink Coupons will provide you an outstanding shopping experience. Save money while doing your favorite things online.
chrome,dkpedpjjafnceedhomeijlphmjbblmdj,currency-converter,Currency Converter,4.659701492537313,"90,000",jlozanodeveloper,2021-02-09 00:00:00,Currency converter for Google Chrome fast and easy to use.
chrome,nnianpohaekfhjbpgnfnkkbikeopeogn,currency-converter,Currency Converter,5.0,64,Easy Unit Converter,2020-03-07 00:00:00,Currency Converter
chrome,jbdaocneiiinmjbjlgalhcelgbejmnid,nifty-wallet,Nifty Wallet,4.782608695652174,"4,000",POA Network,2021-01-17 00:00:00,Ethereum Browser Extension
chrome,aceanfmobdgdiifkcnobhdoadjphmccd,ripple-xrpbtc-price-ticke,Ripple (XRP/BTC) Price Ticker,4.275862068965517,"1,000",Taha,2020-06-17 00:00:00,This extension shows XRP price in BTC from bittrex exchange
chrome,fbbckponafgkennhnmgfoikfmbkiplgp,coinstats-crypto-portfoli,CoinStats - Crypto Portfolio Tracker,4.777777777777778,"6,000",Coin Stats Inc,2020-10-09 00:00:00,Cryptocurrency live price and portfolio tracker.
chrome,ghigcfhmoaokccllienfhdhdndkfhmop,payburner-browser-extensi,Payburner Browser Extension,4.2,707,payburner,2020-12-14 00:00:00,Provides all payburner services in a secure context
chrome,kjjlmgehohdbclcmfmphmifnppmcmeio,bitcoin-price,Bitcoin Price,4.166666666666667,656,shaomxing,2020-02-05 00:00:00,"A tool to show Bitcoin price, desktop notifications, and Bitcoin news"
chrome,jlbkpppjbkmkjjemjcofmccodofkknmc,cryptocurrency-prices-cha,Cryptocurrency Prices & Charts - BitDuck,5.0,480,CrisValls,2021-02-12 00:00:00,"Displays real-time prices and charts of different cryptocurrencies at 1 click, including from the browser bar."
chrome,fbaljaifnljnpoppjfehljmephpghaip,crypto-stats,Crypto Stats,4.666666666666667,70,ValueApps,2020-04-14 00:00:00,Crypto Stats shows the current prices of various cryptocurrencies in the new tab.
chrome,dgcpcflpgpibbhlddejklgkjimpninoh,cash-flow-calculator,Cash Flow Calculator,5.0,274,www.realcash.app,2021-02-11 00:00:00,Calculate property cash flow with a single click!
chrome,fmpnhboalalnbinpmgjhohpicghimgke,cashx,cashX,5.0,6,cashX,2021-02-04 00:00:00,"Some apps save you money, some earn you cash back. We do both. 

Our 2-in-1 service offers cash back and coupons while you shop.‚Ä¶"
chrome,klnaejjgbibmhlephnhpmaofohgkpgkd,zilpay,ZilPay,4.2631578947368425,"10,000",lich666black,2021-02-09 00:00:00,ZilPay browser Extension for zilliqa blockchain
chrome,imijjbmbnebfnbmonjeileijahaipglj,moonlet-wallet,Moonlet Wallet,2.5833333333333335,"2,000",Moonlet,2020-11-04 00:00:00,Moonlet Wallet Extension
chrome,obhemlghbbloobahdlkjmniichcandhd,–ø—Ä–æ—Å—Ç–æ–π-–∫–æ–Ω–≤–µ—Ä—Ç–µ—Ä-–≤–∞–ª—é—Ç,–ü—Ä–æ—Å—Ç–æ–π –∫–æ–Ω–≤–µ—Ä—Ç–µ—Ä –≤–∞–ª—é—Ç,4.2105263157894735,"1,000",MaxPax,2020-06-10 00:00:00,"–ö–∞–ª—å–∫—É–ª—è—Ç–æ—Ä –∫—É—Ä—Å–æ–≤ –¥–ª—è –≤–∞–ª—é—Ç: –¥–æ–ª–ª–∞—Ä—ã, —Ä—É–±–ª–∏, –≥—Ä–∏–≤–Ω—ã, –±–µ–ª–æ—Ä—É—Å—Å–∫–∏–µ —Ä—É–±–ª–∏, –µ–≤—Ä–æ, –ø–æ–ª—å—Å–∫–∏–µ –∑–ª–æ—Ç—ã–µ, BitCoin, Ethereum, Zcash, Litecoin"
chrome,hpglfhgfnhbgpjdenjgmdgoeiappafln,guarda,Guarda,4.0,"3,000",Guarda,2020-12-29 00:00:00,Browser extension for Ethereum and any blockchain
chrome,glopllgnheolomicjjhiceipcdonpoae,just-zcash-ticker-pro,Just Zcash Ticker [PRO],0.0,1,morocco,2020-11-03 00:00:00," 	
Super lightweight minimalist extension that displays the current Zcash price in USD.

Data pulled from Coingecko's v3 API.‚Ä¶"
chrome,bcnchpdbjajimfokaipiekoanbnhmdij,btcbit,BTCBIT,0.0,2,paulblair931,2020-02-19 00:00:00,"BTCBIT.NET - —ç—Ç–æ –∫–∞—á–µ—Å—Ç–≤–µ–Ω–Ω—ã–π –∏ –Ω–∞–¥–µ–∂–Ω—ã–π –æ–±–º–µ–Ω–Ω–∏–∫ –∫—Ä–∏–ø—Ç–æ–≤–∞–ª—é—Ç, –±–∞–∑–∏—Ä—É—é—â–∏–π—Å—è –≤ –ü–æ–ª—å—à–µ, —Å –æ–ø–µ—Ä–∞—Ü–∏–æ–Ω–Ω—ã–º–∏ –æ—Ñ–∏—Å–∞–º–∏ –≤ –õ–∞—Ç–≤–∏–∏ –∏ –≠—Å—Ç–æ–Ω–∏–∏.‚Ä¶"
